[
  {
    "label": "General",
    "sublabel": "Select your language",
    "settingID": "language",
    "tags": [],
    "pageURL": "/settings",
    "icon": "fas fa-globe"
  },
  {
    "label": "General",
    "sublabel": "Select your currency",
    "settingID": "currency",
    "tags": [],
    "pageURL": "/settings",
    "icon": "fas fa-globe"
  },
  {
    "label": "General",
    "sublabel": "Choose a theme",
    "settingID": "theme",
    "tags": [],
    "pageURL": "/settings",
    "icon": "fas fa-globe"
  },
  {
    "label": "General",
    "sublabel": "Toggle dark mode",
    "settingID": "darkMode",
    "tags": [],
    "pageURL": "/settings",
    "icon": "fas fa-globe"
  },
  {
    "label": "Invoices",
    "sublabel": "Show my name on invoice headers",
    "settingID": "inv-showMyName",
    "tags": [],
    "pageURL": "/settings/invoices",
    "icon": "fas fa-file-invoice-dollar"
  },
  {
    "label": "Invoices",
    "sublabel": "Show my address on invoice headers",
    "settingID": "inv-showMyAddress",
    "tags": [],
    "pageURL": "/settings/invoices",
    "icon": "fas fa-file-invoice-dollar"
  },
  {
    "label": "Invoices",
    "sublabel": "Show my phone on invoice headers",
    "settingID": "inv-showMyPhone",
    "tags": [],
    "pageURL": "/settings/invoices",
    "icon": "fas fa-file-invoice-dollar"
  },
  {
    "label": "Invoices",
    "sublabel": "Show my email on invoice headers",
    "settingID": "inv-showMyEmail",
    "tags": [],
    "pageURL": "/settings/invoices",
    "icon": "fas fa-file-invoice-dollar"
  },
  {
    "label": "Invoices",
    "sublabel": "Show my country on invoice headers",
    "settingID": "inv-showMyCountry",
    "tags": [],
    "pageURL": "/settings/invoices",
    "icon": "fas fa-file-invoice-dollar"
  },
  {
    "label": "Invoices",
    "sublabel": "Show my logo on invoice headers",
    "settingID": "inv-showMyLogo",
    "tags": [],
    "pageURL": "/settings/invoices",
    "icon": "fas fa-file-invoice-dollar"
  },
  {
    "label": "Invoices",
    "sublabel": "Show my company name on invoice headers",
    "settingID": "inv-showMyCompanyName",
    "tags": [],
    "pageURL": "/settings/invoices",
    "icon": "fas fa-file-invoice-dollar"
  },
  {
    "label": "Invoices",
    "sublabel": "Show due date invoice",
    "settingID": "inv-showDueDate",
    "tags": [],
    "pageURL": "/settings/invoices",
    "icon": "fas fa-file-invoice-dollar"
  },
  {
    "label": "Invoices",
    "sublabel": "Show my tax numbers on invoice headers",
    "settingID": "inv-showMyTaxNumbers",
    "tags": [],
    "pageURL": "/settings/invoices",
    "icon": "fas fa-file-invoice-dollar"
  },
  {
    "label": "Invoices",
    "sublabel": "Show client information on invoice",
    "settingID": "inv-showClientInfo",
    "tags": [],
    "pageURL": "/settings/invoices",
    "icon": "fas fa-file-invoice-dollar"
  },
  {
    "label": "Invoices",
    "sublabel": "Show notes on bottom of invoices",
    "settingID": "inv-showNotes",
    "tags": [],
    "pageURL": "/settings/invoices",
    "icon": "fas fa-file-invoice-dollar"
  },
  {
    "label": "Invoices",
    "sublabel": "Enter my tax information for invoices",
    "settingID": "enterTaxInfo",
    "tags": [],
    "pageURL": "/settings/invoices",
    "icon": "fas fa-file-invoice-dollar"
  },
  {
    "label": "Invoices",
    "sublabel": "Display Tax Label",
    "settingID": "taxLabel",
    "tags": [],
    "pageURL": "/settings/invoices",
    "icon": "fas fa-file-invoice-dollar"
  },
  {
    "label": "Invoices",
    "sublabel": "Enter invoice notes",
    "settingID": "invoiceNotes",
    "tags": [],
    "pageURL": "/settings/invoices",
    "icon": "fas fa-file-invoice-dollar"
  },
  {
    "label": "Invoices",
    "sublabel": "Show thank you message on bottom of invoices",
    "settingID": "inv-showThankYou",
    "tags": [],
    "pageURL": "/settings/invoices",
    "icon": "fas fa-file-invoice-dollar"
  },
  {
    "label": "Invoices",
    "sublabel": "Show invoice me watermark on bottom of invoices",
    "settingID": "inv-showWatermark",
    "tags": [],
    "pageURL": "/settings/invoices",
    "icon": "fas fa-file-invoice-dollar"
  },
  {
    "label": "Estimates",
    "sublabel": "Show my name on estimate headers",
    "settingID": "est-showMyName",
    "tags": [],
    "pageURL": "/settings/estimates",
    "icon": "fas fa-file-invoice"
  },
  {
    "label": "Estimates",
    "sublabel": "Show my address on estimate headers",
    "settingID": "est-showMyAddress",
    "tags": [],
    "pageURL": "/settings/estimates",
    "icon": "fas fa-file-invoice"
  },
  {
    "label": "Estimates",
    "sublabel": "Show my phone on estimate headers",
    "settingID": "est-showMyPhone",
    "tags": [],
    "pageURL": "/settings/estimates",
    "icon": "fas fa-file-invoice"
  },
  {
    "label": "Estimates",
    "sublabel": "Show my email on estimate headers",
    "settingID": "est-showMyEmail",
    "tags": [],
    "pageURL": "/settings/estimates",
    "icon": "fas fa-file-invoice"
  },
  {
    "label": "Estimates",
    "sublabel": "Show my country on estimate headers",
    "settingID": "est-showMyCountry",
    "tags": [],
    "pageURL": "/settings/estimates",
    "icon": "fas fa-file-invoice"
  },
  {
    "label": "Estimates",
    "sublabel": "Show my logo on estimate headers",
    "settingID": "est-showMyLogo",
    "tags": [],
    "pageURL": "/settings/estimates",
    "icon": "fas fa-file-invoice"
  },
  {
    "label": "Estimates",
    "sublabel": "Show my company name on estimate headers",
    "settingID": "est-showMyCompanyName",
    "tags": [],
    "pageURL": "/settings/estimates",
    "icon": "fas fa-file-invoice"
  },
  {
    "label": "Estimates",
    "sublabel": "Show due date on estimate",
    "settingID": "est-showDueDate",
    "tags": [],
    "pageURL": "/settings/estimates",
    "icon": "fas fa-file-invoice"
  },
  {
    "label": "Estimates",
    "sublabel": "Show my tax numbers on estimate headers",
    "settingID": "est-showMyTaxNumbers",
    "tags": [],
    "pageURL": "/settings/estimates",
    "icon": "fas fa-file-invoice"
  },
  {
    "label": "Estimates",
    "sublabel": "Show client information on estimate",
    "settingID": "est-showClientInfo",
    "tags": [],
    "pageURL": "/settings/estimates",
    "icon": "fas fa-file-invoice"
  },
  {
    "label": "Estimates",
    "sublabel": "Show notes on bottom of estimates",
    "settingID": "est-showNotes",
    "tags": [],
    "pageURL": "/settings/estimates",
    "icon": "fas fa-file-invoice"
  },
  {
    "label": "Estimates",
    "sublabel": "Enter estimate notes",
    "settingID": "estimateNotes",
    "tags": [],
    "pageURL": "/settings/estimates",
    "icon": "fas fa-file-invoice"
  },
  {
    "label": "Estimates",
    "sublabel": "Show thank you message on bottom of estimates",
    "settingID": "est-showThankYou",
    "tags": [],
    "pageURL": "/settings/estimates",
    "icon": "fas fa-file-invoice"
  },
  {
    "label": "Estimates",
    "sublabel": "Show invoice me watermark on bottom of estimates",
    "settingID": "est-showWatermark",
    "tags": [],
    "pageURL": "/settings/estimates",
    "icon": "fas fa-file-invoice"
  },
  {
    "label": "Contacts",
    "sublabel": "Show favorite contacts",
    "settingID": "showFavoriteContacts",
    "tags": [],
    "pageURL": "/settings/contacts",
    "icon": "fas fa-users"
  },
  {
    "label": "Contacts",
    "sublabel": "Show contacts avatars",
    "settingID": "showContactAvatar",
    "tags": [],
    "pageURL": "/settings/contacts",
    "icon": "fas fa-users"
  },
  {
    "label": "Notifications",
    "sublabel": "Show outgoing invoice notifications",
    "settingID": "showOutgoingInvoiceNotifs",
    "tags": [],
    "pageURL": "/settings/notifications",
    "icon": "fas fa-bell"
  },
  {
    "label": "Notifications",
    "sublabel": "Show outgoing estimate notifications",
    "settingID": "showOutgoingEstimateNotifs",
    "tags": [],
    "pageURL": "/settings/notifications",
    "icon": "fas fa-bell"
  },
  {
    "label": "Notifications",
    "sublabel": "Show incoming invoice notifications",
    "settingID": "showIncomingInvoiceNotifs",
    "tags": [],
    "pageURL": "/settings/notifications",
    "icon": "fas fa-bell"
  },
  {
    "label": "Notifications",
    "sublabel": "Show incoming estimate notifications",
    "settingID": "showIncomingEstimateNotifs",
    "tags": [],
    "pageURL": "/settings/notifications",
    "icon": "fas fa-bell"
  },
  {
    "label": "Notifications",
    "sublabel": "Show payment notifications",
    "settingID": "showPaymentNotifs",
    "tags": [],
    "pageURL": "/settings/notifications",
    "icon": "fas fa-bell"
  },
  {
    "label": "Notifications",
    "sublabel": "Show scheduled invoices notifications",
    "settingID": "showScheduledInvoiceNotifs",
    "tags": [],
    "pageURL": "/settings/notifications",
    "icon": "fas fa-bell"
  },
  {
    "label": "Notifications",
    "sublabel": "Show overdue invoices notifications",
    "settingID": "showOverdueInvoiceNotifs",
    "tags": [],
    "pageURL": "/settings/notifications",
    "icon": "fas fa-bell"
  },
  {
    "label": "Notifications",
    "sublabel": "Create monthly reports notifications",
    "settingID": "showMonthlyReportNotifs",
    "tags": [],
    "pageURL": "/settings/notifications",
    "icon": "fas fa-bell"
  },
  {
    "label": "Emails",
    "sublabel": "Send me unpaid invoices emails",
    "settingID": "unpaidInvoicesEmails",
    "tags": [],
    "pageURL": "/settings/emails",
    "icon": "fas fa-envelope"
  },
  {
    "label": "Emails",
    "sublabel": "Send me an email when i receive a new invoice",
    "settingID": "newInvoiceEmail",
    "tags": [],
    "pageURL": "/settings/emails",
    "icon": "fas fa-envelope"
  },
  {
    "label": "Emails",
    "sublabel": "Send me an email when i receive a new estimate",
    "settingID": "newEstimateEmail",
    "tags": [],
    "pageURL": "/settings/emails",
    "icon": "fas fa-envelope"
  },
  {
    "label": "Emails",
    "sublabel": "Send me an email when i receive a new payment",
    "settingID": "newPaymentEmail",
    "tags": [],
    "pageURL": "/settings/emails",
    "icon": "fas fa-envelope"
  },
  {
    "label": "Emails",
    "sublabel": "Send me an SMS when i receive a new invoice",
    "settingID": "newInvoiceSMS",
    "tags": [],
    "pageURL": "/settings/emails",
    "icon": "fas fa-envelope"
  },
  {
    "label": "Emails",
    "sublabel": "Send me monthly reports to my email",
    "settingID": "sendMonthlyReportEmails",
    "tags": [],
    "pageURL": "/settings/emails",
    "icon": "fas fa-envelope"
  }
]